Year,Nation,NOC,Gold,Silver,Bronze,Medals
1980,Russia,URS,80.0,69.0,46.0,195.0
1988,Russia,URS,54.0,31.0,46.0,131.0
1980,Germany,GDR,47.0,37.0,42.0,126.0
1988,Germany,GDR,37.0,35.0,30.0,102.0
1980,Bulgaria,BUL,8.0,16.0,17.0,41.0
1988,Bulgaria,BUL,10.0,12.0,13.0,35.0
1992,Bulgaria,BUL,3.0,7.0,6.0,16.0
1996,Bulgaria,BUL,3.0,7.0,5.0,15.0
2000,Bulgaria,BUL,5.0,6.0,2.0,13.0
2004,Bulgaria,BUL,2.0,1.0,9.0,12.0
2008,Bulgaria,BUL,1.0,1.0,3.0,5.0
2012,Bulgaria,BUL,0.0,1.0,1.0,2.0
2016,Bulgaria,BUL,0.0,1.0,2.0,3.0
1980,Hungary,HUN,7.0,10.0,15.0,32.0
1988,Hungary,HUN,11.0,6.0,6.0,23.0
1992,Hungary,HUN,11.0,12.0,7.0,30.0
1996,Hungary,HUN,7.0,4.0,10.0,21.0
2000,Hungary,HUN,8.0,6.0,3.0,17.0
2004,Hungary,HUN,8.0,6.0,3.0,17.0
2008,Hungary,HUN,3.0,5.0,2.0,10.0
2012,Hungary,HUN,8.0,4.0,6.0,18.0
2016,Hungary,HUN,8.0,3.0,4.0,15.0
1980,Poland,POL,3.0,14.0,15.0,32.0
1988,Poland,POL,2.0,5.0,9.0,16.0
1992,Poland,POL,3.0,6.0,10.0,19.0
1996,Poland,POL,7.0,5.0,5.0,17.0
2000,Poland,POL,6.0,5.0,3.0,14.0
2004,Poland,POL,3.0,2.0,5.0,10.0
2008,Poland,POL,3.0,6.0,1.0,10.0
2012,Poland,POL,2.0,2.0,6.0,10.0
2016,Poland,POL,2.0,3.0,6.0,11.0
1980,Romania,ROU,6.0,6.0,13.0,25.0
1984,Romania,ROU,19.0,16.0,17.0,52.0
1988,Romania,ROU,7.0,11.0,6.0,24.0
1992,Romania,ROU,4.0,6.0,8.0,18.0
1996,Romania,ROU,4.0,7.0,8.0,19.0
2000,Romania,ROU,11.0,6.0,9.0,26.0
2004,Romania,ROU,8.0,5.0,6.0,19.0
2008,Romania,ROU,4.0,1.0,3.0,8.0
2012,Romania,ROU,2.0,5.0,2.0,9.0
2016,Romania,ROU,1.0,1.0,2.0,4.0
1980,UK,GBR,5.0,7.0,9.0,21.0
1984,UK,GBR,5.0,11.0,21.0,37.0
1988,UK,GBR,5.0,10.0,9.0,24.0
1992,UK,GBR,5.0,3.0,12.0,20.0
1996,UK,GBR,1.0,8.0,6.0,15.0
2000,UK,GBR,11.0,10.0,7.0,28.0
2004,UK,GBR,9.0,9.0,12.0,30.0
2008,UK,GBR,19.0,13.0,16.0,48.0
2012,UK,GBR,29.0,17.0,19.0,65.0
2016,UK,GBR,27.0,23.0,17.0,67.0
1980,Cuba,CUB,8.0,7.0,5.0,20.0
1992,Cuba,CUB,14.0,6.0,11.0,31.0
1996,Cuba,CUB,9.0,8.0,8.0,25.0
2000,Cuba,CUB,11.0,11.0,7.0,29.0
2004,Cuba,CUB,9.0,7.0,11.0,27.0
2008,Cuba,CUB,2.0,11.0,11.0,24.0
2012,Cuba,CUB,5.0,3.0,6.0,14.0
2016,Cuba,CUB,5.0,2.0,4.0,11.0
1980,Italy,ITA,8.0,3.0,4.0,15.0
1984,Italy,ITA,14.0,6.0,12.0,32.0
1988,Italy,ITA,6.0,4.0,4.0,14.0
1992,Italy,ITA,6.0,5.0,8.0,19.0
1996,Italy,ITA,13.0,10.0,12.0,35.0
2000,Italy,ITA,13.0,8.0,13.0,34.0
2004,Italy,ITA,10.0,11.0,11.0,32.0
2008,Italy,ITA,8.0,9.0,10.0,27.0
2012,Italy,ITA,8.0,9.0,11.0,28.0
2016,Italy,ITA,8.0,12.0,8.0,28.0
1980,France,FRA,6.0,5.0,3.0,14.0
1984,France,FRA,5.0,7.0,16.0,28.0
1988,France,FRA,6.0,4.0,6.0,16.0
1992,France,FRA,8.0,5.0,16.0,29.0
1996,France,FRA,15.0,7.0,15.0,37.0
2000,France,FRA,13.0,14.0,11.0,38.0
2004,France,FRA,11.0,9.0,13.0,33.0
2008,France,FRA,7.0,16.0,18.0,41.0
2012,France,FRA,11.0,11.0,13.0,35.0
2016,France,FRA,10.0,18.0,14.0,42.0
1980,Czech Republic,TCH,2.0,3.0,9.0,14.0
1988,Czech Republic,TCH,3.0,3.0,2.0,8.0
1992,Czech Republic,TCH,4.0,2.0,1.0,7.0
1980,Sweden,SWE,3.0,3.0,6.0,12.0
1984,Sweden,SWE,2.0,11.0,6.0,19.0
1988,Sweden,SWE,0.0,4.0,7.0,11.0
1992,Sweden,SWE,1.0,7.0,4.0,12.0
1996,Sweden,SWE,2.0,4.0,2.0,8.0
2000,Sweden,SWE,4.0,5.0,3.0,12.0
2004,Sweden,SWE,4.0,2.0,1.0,7.0
2008,Sweden,SWE,0.0,4.0,1.0,5.0
2012,Sweden,SWE,1.0,4.0,3.0,8.0
2016,Sweden,SWE,2.0,6.0,3.0,11.0
1980,Australia,AUS,2.0,2.0,5.0,9.0
1984,Australia,AUS,4.0,8.0,12.0,24.0
1988,Australia,AUS,3.0,6.0,5.0,14.0
1992,Australia,AUS,7.0,9.0,11.0,27.0
1996,Australia,AUS,9.0,9.0,23.0,41.0
2000,Australia,AUS,16.0,25.0,17.0,58.0
2004,Australia,AUS,17.0,16.0,17.0,50.0
2008,Australia,AUS,14.0,15.0,17.0,46.0
2012,Australia,AUS,7.0,16.0,12.0,35.0
2016,Australia,AUS,8.0,11.0,10.0,29.0
1980,Serbia,YUG,2.0,3.0,4.0,9.0
1984,Serbia,YUG,7.0,4.0,7.0,18.0
1988,Serbia,YUG,3.0,4.0,5.0,12.0
1980,Finland,FIN,3.0,1.0,4.0,8.0
1984,Finland,FIN,4.0,2.0,6.0,12.0
1988,Finland,FIN,1.0,1.0,2.0,4.0
1992,Finland,FIN,1.0,2.0,2.0,5.0
1996,Finland,FIN,1.0,2.0,1.0,4.0
2000,Finland,FIN,2.0,1.0,1.0,4.0
2004,Finland,FIN,0.0,2.0,0.0,2.0
2008,Finland,FIN,1.0,1.0,2.0,4.0
2012,Finland,FIN,0.0,1.0,2.0,3.0
2016,Finland,FIN,0.0,0.0,1.0,1.0
1980,Spain,ESP,1.0,3.0,2.0,6.0
1984,Spain,ESP,1.0,2.0,2.0,5.0
1988,Spain,ESP,1.0,1.0,2.0,4.0
1992,Spain,ESP,13.0,7.0,2.0,22.0
1996,Spain,ESP,5.0,6.0,6.0,17.0
2000,Spain,ESP,3.0,3.0,5.0,11.0
2004,Spain,ESP,3.0,11.0,6.0,20.0
2008,Spain,ESP,5.0,10.0,3.0,18.0
2012,Spain,ESP,3.0,10.0,4.0,17.0
2016,Spain,ESP,7.0,4.0,6.0,17.0
1980,Denmark,DEN,2.0,1.0,2.0,5.0
1984,Denmark,DEN,0.0,3.0,3.0,6.0
1988,Denmark,DEN,2.0,1.0,1.0,4.0
1992,Denmark,DEN,1.0,1.0,4.0,6.0
1996,Denmark,DEN,4.0,1.0,1.0,6.0
2000,Denmark,DEN,2.0,3.0,1.0,6.0
2004,Denmark,DEN,2.0,1.0,5.0,8.0
2008,Denmark,DEN,2.0,2.0,3.0,7.0
2012,Denmark,DEN,2.0,4.0,3.0,9.0
2016,Denmark,DEN,2.0,6.0,7.0,15.0
1980,North Korea,PRK,0.0,3.0,2.0,5.0
1992,North Korea,PRK,4.0,0.0,5.0,9.0
1996,North Korea,PRK,2.0,1.0,2.0,5.0
2000,North Korea,PRK,0.0,1.0,3.0,4.0
2004,North Korea,PRK,0.0,4.0,1.0,5.0
2008,North Korea,PRK,2.0,1.0,3.0,6.0
2012,North Korea,PRK,4.0,0.0,2.0,6.0
2016,North Korea,PRK,2.0,3.0,2.0,7.0
1980,Austria,AUT,1.0,2.0,1.0,4.0
1984,Austria,AUT,1.0,1.0,1.0,3.0
1988,Austria,AUT,1.0,0.0,0.0,1.0
1992,Austria,AUT,0.0,2.0,0.0,2.0
1996,Austria,AUT,0.0,1.0,2.0,3.0
2000,Austria,AUT,2.0,1.0,0.0,3.0
2004,Austria,AUT,2.0,4.0,1.0,7.0
2008,Austria,AUT,0.0,1.0,2.0,3.0
2016,Austria,AUT,0.0,0.0,1.0,1.0
1980,Brazil,BRA,2.0,0.0,2.0,4.0
1984,Brazil,BRA,1.0,5.0,2.0,8.0
1988,Brazil,BRA,1.0,2.0,3.0,6.0
1992,Brazil,BRA,2.0,1.0,0.0,3.0
1996,Brazil,BRA,3.0,3.0,9.0,15.0
2000,Brazil,BRA,0.0,6.0,6.0,12.0
2004,Brazil,BRA,5.0,2.0,3.0,10.0
2008,Brazil,BRA,3.0,4.0,9.0,16.0
2012,Brazil,BRA,3.0,5.0,9.0,17.0
2016,Brazil,BRA,7.0,6.0,6.0,19.0
1980,Ethiopia,ETH,2.0,0.0,2.0,4.0
1992,Ethiopia,ETH,1.0,0.0,2.0,3.0
1996,Ethiopia,ETH,2.0,0.0,1.0,3.0
2000,Ethiopia,ETH,4.0,1.0,3.0,8.0
2004,Ethiopia,ETH,2.0,3.0,2.0,7.0
2008,Ethiopia,ETH,4.0,1.0,2.0,7.0
2012,Ethiopia,ETH,3.0,1.0,3.0,7.0
2016,Ethiopia,ETH,1.0,2.0,5.0,8.0
1980,Mexico,MEX,0.0,1.0,3.0,4.0
1984,Mexico,MEX,2.0,3.0,1.0,6.0
1988,Mexico,MEX,0.0,0.0,2.0,2.0
1992,Mexico,MEX,0.0,1.0,0.0,1.0
1996,Mexico,MEX,0.0,0.0,1.0,1.0
2000,Mexico,MEX,1.0,2.0,3.0,6.0
2004,Mexico,MEX,0.0,3.0,1.0,4.0
2008,Mexico,MEX,2.0,0.0,1.0,3.0
2012,Mexico,MEX,1.0,3.0,3.0,7.0
2016,Mexico,MEX,0.0,3.0,2.0,5.0
1980,Mongolia,MGL,0.0,2.0,2.0,4.0
1988,Mongolia,MGL,0.0,0.0,1.0,1.0
1992,Mongolia,MGL,0.0,0.0,2.0,2.0
1996,Mongolia,MGL,0.0,0.0,1.0,1.0
2004,Mongolia,MGL,0.0,0.0,1.0,1.0
2008,Mongolia,MGL,2.0,2.0,0.0,4.0
2012,Mongolia,MGL,0.0,2.0,3.0,5.0
2016,Mongolia,MGL,0.0,1.0,1.0,2.0
1980,Greece,GRE,1.0,0.0,2.0,3.0
1984,Greece,GRE,0.0,1.0,1.0,2.0
1988,Greece,GRE,0.0,0.0,1.0,1.0
1992,Greece,GRE,2.0,0.0,0.0,2.0
1996,Greece,GRE,4.0,4.0,0.0,8.0
2000,Greece,GRE,4.0,6.0,3.0,13.0
2004,Greece,GRE,6.0,6.0,4.0,16.0
2008,Greece,GRE,0.0,2.0,2.0,4.0
2012,Greece,GRE,0.0,0.0,2.0,2.0
2016,Greece,GRE,3.0,1.0,2.0,6.0
1980,Jamaica,JAM,0.0,0.0,3.0,3.0
1984,Jamaica,JAM,0.0,1.0,2.0,3.0
1988,Jamaica,JAM,0.0,2.0,0.0,2.0
1992,Jamaica,JAM,0.0,3.0,1.0,4.0
1996,Jamaica,JAM,1.0,3.0,2.0,6.0
2000,Jamaica,JAM,0.0,6.0,3.0,9.0
2004,Jamaica,JAM,2.0,1.0,2.0,5.0
2008,Jamaica,JAM,5.0,2.0,2.0,9.0
2012,Jamaica,JAM,4.0,4.0,4.0,12.0
2016,Jamaica,JAM,6.0,3.0,2.0,11.0
1980,Netherlands,NED,0.0,1.0,2.0,3.0
1984,Netherlands,NED,5.0,2.0,6.0,13.0
1988,Netherlands,NED,2.0,2.0,5.0,9.0
1992,Netherlands,NED,2.0,6.0,7.0,15.0
1996,Netherlands,NED,4.0,5.0,10.0,19.0
2000,Netherlands,NED,12.0,9.0,4.0,25.0
2004,Netherlands,NED,4.0,9.0,9.0,22.0
2008,Netherlands,NED,7.0,5.0,4.0,16.0
2012,Netherlands,NED,6.0,6.0,8.0,20.0
2016,Netherlands,NED,8.0,7.0,4.0,19.0
1980,Ireland,IRL,0.0,1.0,1.0,2.0
1984,Ireland,IRL,0.0,1.0,0.0,1.0
1992,Ireland,IRL,1.0,1.0,0.0,2.0
1996,Ireland,IRL,3.0,0.0,1.0,4.0
2000,Ireland,IRL,0.0,1.0,0.0,1.0
2008,Ireland,IRL,0.0,1.0,2.0,3.0
2012,Ireland,IRL,1.0,1.0,3.0,5.0
2016,Ireland,IRL,0.0,2.0,0.0,2.0
1980,Switzerland,SUI,2.0,0.0,0.0,2.0
1984,Switzerland,SUI,0.0,4.0,4.0,8.0
1988,Switzerland,SUI,0.0,2.0,2.0,4.0
1992,Switzerland,SUI,1.0,0.0,0.0,1.0
1996,Switzerland,SUI,4.0,3.0,0.0,7.0
2000,Switzerland,SUI,1.0,6.0,2.0,9.0
2004,Switzerland,SUI,1.0,1.0,3.0,5.0
2008,Switzerland,SUI,2.0,1.0,4.0,7.0
2012,Switzerland,SUI,2.0,2.0,0.0,4.0
2016,Switzerland,SUI,3.0,2.0,2.0,7.0
1980,Tanzania,TAN,0.0,2.0,0.0,2.0
1980,Belgium,BEL,1.0,0.0,0.0,1.0
1984,Belgium,BEL,1.0,1.0,2.0,4.0
1988,Belgium,BEL,0.0,0.0,2.0,2.0
1992,Belgium,BEL,0.0,1.0,2.0,3.0
1996,Belgium,BEL,2.0,2.0,2.0,6.0
2000,Belgium,BEL,0.0,2.0,3.0,5.0
2004,Belgium,BEL,1.0,0.0,2.0,3.0
2008,Belgium,BEL,1.0,1.0,0.0,2.0
2012,Belgium,BEL,0.0,1.0,2.0,3.0
2016,Belgium,BEL,2.0,2.0,2.0,6.0
1980,Guyana,GUY,0.0,0.0,1.0,1.0
1980,India,IND,1.0,0.0,0.0,1.0
1996,India,IND,0.0,0.0,1.0,1.0
2000,India,IND,0.0,0.0,1.0,1.0
2004,India,IND,0.0,1.0,0.0,1.0
2008,India,IND,1.0,0.0,2.0,3.0
2012,India,IND,0.0,2.0,4.0,6.0
2016,India,IND,0.0,1.0,1.0,2.0
1980,Lebanon,LIB,0.0,0.0,1.0,1.0
1980,Uganda,UGA,0.0,1.0,0.0,1.0
1996,Uganda,UGA,0.0,0.0,1.0,1.0
2012,Uganda,UGA,1.0,0.0,0.0,1.0
1980,Venezuela,VEN,0.0,1.0,0.0,1.0
1984,Venezuela,VEN,0.0,0.0,3.0,3.0
2004,Venezuela,VEN,0.0,0.0,2.0,2.0
2008,Venezuela,VEN,0.0,0.0,1.0,1.0
2012,Venezuela,VEN,1.0,0.0,0.0,1.0
2016,Venezuela,VEN,0.0,1.0,2.0,3.0
1980,Zimbabwe,ZIM,1.0,0.0,0.0,1.0
2004,Zimbabwe,ZIM,1.0,1.0,1.0,3.0
2008,Zimbabwe,ZIM,1.0,3.0,0.0,4.0
1984,USA,USA,82.0,61.0,30.0,173.0
1988,USA,USA,36.0,31.0,27.0,94.0
1992,USA,USA,37.0,34.0,37.0,108.0
1996,USA,USA,44.0,32.0,25.0,101.0
2000,USA,USA,36.0,24.0,31.0,91.0
2004,USA,USA,36.0,39.0,26.0,101.0
2008,USA,USA,36.0,39.0,35.0,110.0
2012,USA,USA,46.0,28.0,29.0,103.0
2016,USA,USA,46.0,37.0,38.0,121.0
1984,Germany,FRG,17.0,19.0,23.0,59.0
1988,Germany,FRG,11.0,14.0,15.0,40.0
1984,Canada,CAN,10.0,18.0,16.0,44.0
1988,Canada,CAN,3.0,2.0,5.0,10.0
1992,Canada,CAN,7.0,4.0,7.0,18.0
1996,Canada,CAN,3.0,11.0,8.0,22.0
2000,Canada,CAN,3.0,3.0,8.0,14.0
2004,Canada,CAN,3.0,6.0,3.0,12.0
2008,Canada,CAN,3.0,9.0,7.0,19.0
2012,Canada,CAN,1.0,5.0,12.0,18.0
2016,Canada,CAN,4.0,3.0,15.0,22.0
1984,China,CHN,15.0,8.0,9.0,32.0
1988,China,CHN,5.0,11.0,12.0,28.0
1992,China,CHN,16.0,22.0,15.0,53.0
1996,China,CHN,16.0,22.0,12.0,50.0
2000,China,CHN,28.0,16.0,14.0,58.0
2004,China,CHN,32.0,17.0,14.0,63.0
2008,China,CHN,51.0,21.0,28.0,100.0
2012,China,CHN,38.0,27.0,23.0,88.0
2016,China,CHN,26.0,18.0,26.0,70.0
1984,Japan,JPN,10.0,7.0,14.0,31.0
1988,Japan,JPN,4.0,3.0,7.0,14.0
1992,Japan,JPN,3.0,8.0,11.0,22.0
1996,Japan,JPN,3.0,6.0,5.0,14.0
2000,Japan,JPN,5.0,8.0,5.0,18.0
2004,Japan,JPN,16.0,9.0,12.0,37.0
2008,Japan,JPN,9.0,7.0,9.0,25.0
2012,Japan,JPN,7.0,14.0,17.0,38.0
2016,Japan,JPN,12.0,8.0,21.0,41.0
1984,South Korea,KOR,6.0,6.0,7.0,19.0
1988,South Korea,KOR,12.0,10.0,11.0,33.0
1992,South Korea,KOR,12.0,5.0,11.0,28.0
1996,South Korea,KOR,7.0,15.0,5.0,27.0
2000,South Korea,KOR,8.0,10.0,10.0,28.0
2004,South Korea,KOR,9.0,12.0,9.0,30.0
2008,South Korea,KOR,13.0,10.0,8.0,31.0
2012,South Korea,KOR,13.0,8.0,7.0,28.0
2016,South Korea,KOR,9.0,3.0,9.0,21.0
1984,New Zealand,NZL,8.0,1.0,2.0,11.0
1988,New Zealand,NZL,3.0,2.0,8.0,13.0
1992,New Zealand,NZL,1.0,4.0,5.0,10.0
1996,New Zealand,NZL,3.0,2.0,1.0,6.0
2000,New Zealand,NZL,1.0,0.0,3.0,4.0
2004,New Zealand,NZL,3.0,2.0,0.0,5.0
2008,New Zealand,NZL,3.0,2.0,4.0,9.0
2012,New Zealand,NZL,6.0,2.0,5.0,13.0
2016,New Zealand,NZL,4.0,9.0,5.0,18.0
1984,Kenya,KEN,1.0,0.0,2.0,3.0
1988,Kenya,KEN,5.0,2.0,2.0,9.0
1992,Kenya,KEN,2.0,4.0,2.0,8.0
1996,Kenya,KEN,1.0,4.0,3.0,8.0
2000,Kenya,KEN,2.0,3.0,2.0,7.0
2004,Kenya,KEN,1.0,4.0,2.0,7.0
2008,Kenya,KEN,6.0,4.0,5.0,15.0
2012,Kenya,KEN,2.0,4.0,5.0,11.0
2016,Kenya,KEN,6.0,6.0,1.0,13.0
1984,Norway,NOR,0.0,1.0,2.0,3.0
1988,Norway,NOR,2.0,3.0,0.0,5.0
1992,Norway,NOR,2.0,4.0,1.0,7.0
1996,Norway,NOR,2.0,2.0,3.0,7.0
2000,Norway,NOR,4.0,3.0,3.0,10.0
2004,Norway,NOR,5.0,0.0,1.0,6.0
2008,Norway,NOR,3.0,5.0,1.0,9.0
2012,Norway,NOR,2.0,1.0,1.0,4.0
2016,Norway,NOR,0.0,0.0,4.0,4.0
1984,Portugal,POR,1.0,0.0,2.0,3.0
1988,Portugal,POR,1.0,0.0,0.0,1.0
1996,Portugal,POR,1.0,0.0,1.0,2.0
2000,Portugal,POR,0.0,0.0,2.0,2.0
2004,Portugal,POR,0.0,2.0,1.0,3.0
2008,Portugal,POR,1.0,1.0,0.0,2.0
2012,Portugal,POR,0.0,1.0,0.0,1.0
2016,Portugal,POR,0.0,0.0,1.0,1.0
1984,Turkey,TUR,0.0,0.0,3.0,3.0
1988,Turkey,TUR,1.0,1.0,0.0,2.0
1992,Turkey,TUR,2.0,2.0,2.0,6.0
1996,Turkey,TUR,4.0,1.0,1.0,6.0
2000,Turkey,TUR,3.0,0.0,2.0,5.0
2004,Turkey,TUR,3.0,3.0,5.0,11.0
2008,Turkey,TUR,1.0,3.0,3.0,7.0
2012,Turkey,TUR,2.0,2.0,1.0,5.0
2016,Turkey,TUR,1.0,3.0,4.0,8.0
1984,Algeria,ALG,0.0,0.0,2.0,2.0
1992,Algeria,ALG,1.0,0.0,1.0,2.0
1996,Algeria,ALG,2.0,0.0,1.0,3.0
2000,Algeria,ALG,1.0,1.0,3.0,5.0
2008,Algeria,ALG,0.0,1.0,1.0,2.0
2012,Algeria,ALG,1.0,0.0,0.0,1.0
2016,Algeria,ALG,0.0,2.0,0.0,2.0
1984,Morocco,MAR,2.0,0.0,0.0,2.0
1988,Morocco,MAR,1.0,0.0,2.0,3.0
1992,Morocco,MAR,1.0,1.0,1.0,3.0
1996,Morocco,MAR,0.0,0.0,2.0,2.0
2000,Morocco,MAR,0.0,1.0,4.0,5.0
2004,Morocco,MAR,2.0,1.0,0.0,3.0
2008,Morocco,MAR,0.0,1.0,1.0,2.0
2012,Morocco,MAR,0.0,0.0,1.0,1.0
2016,Morocco,MAR,0.0,0.0,1.0,1.0
1984,Nigeria,NGR,0.0,1.0,1.0,2.0
1992,Nigeria,NGR,0.0,3.0,1.0,4.0
1996,Nigeria,NGR,2.0,1.0,3.0,6.0
2000,Nigeria,NGR,1.0,2.0,0.0,3.0
2004,Nigeria,NGR,0.0,0.0,2.0,2.0
2008,Nigeria,NGR,0.0,1.0,3.0,4.0
2016,Nigeria,NGR,0.0,0.0,1.0,1.0
1984,Puerto Rico,PUR,0.0,1.0,1.0,2.0
1992,Puerto Rico,PUR,0.0,0.0,1.0,1.0
1996,Puerto Rico,PUR,0.0,0.0,1.0,1.0
2012,Puerto Rico,PUR,0.0,1.0,1.0,2.0
2016,Puerto Rico,PUR,1.0,0.0,0.0,1.0
1984,Ivory Coast,CIV,0.0,1.0,0.0,1.0
2016,Ivory Coast,CIV,1.0,0.0,1.0,2.0
1984,Cameroon,CMR,0.0,0.0,1.0,1.0
2000,Cameroon,CMR,1.0,0.0,0.0,1.0
2004,Cameroon,CMR,1.0,0.0,0.0,1.0
2008,Cameroon,CMR,1.0,0.0,0.0,1.0
1984,Colombia,COL,0.0,1.0,0.0,1.0
1988,Colombia,COL,0.0,0.0,1.0,1.0
1992,Colombia,COL,0.0,0.0,1.0,1.0
2000,Colombia,COL,1.0,0.0,0.0,1.0
2004,Colombia,COL,0.0,0.0,2.0,2.0
2008,Colombia,COL,0.0,1.0,1.0,2.0
2012,Colombia,COL,1.0,3.0,4.0,8.0
2016,Colombia,COL,3.0,2.0,3.0,8.0
1984,Dominican Republic,DOM,0.0,0.0,1.0,1.0
2004,Dominican Republic,DOM,1.0,0.0,0.0,1.0
2008,Dominican Republic,DOM,1.0,1.0,0.0,2.0
2012,Dominican Republic,DOM,1.0,1.0,0.0,2.0
2016,Dominican Republic,DOM,0.0,0.0,1.0,1.0
1984,Egypt,EGY,0.0,1.0,0.0,1.0
2004,Egypt,EGY,1.0,1.0,3.0,5.0
2008,Egypt,EGY,0.0,0.0,1.0,1.0
2012,Egypt,EGY,0.0,2.0,0.0,2.0
2016,Egypt,EGY,0.0,0.0,3.0,3.0
1984,Iceland,ISL,0.0,0.0,1.0,1.0
2000,Iceland,ISL,0.0,0.0,1.0,1.0
2008,Iceland,ISL,0.0,1.0,0.0,1.0
1984,Pakistan,PAK,1.0,0.0,0.0,1.0
1988,Pakistan,PAK,0.0,0.0,1.0,1.0
1992,Pakistan,PAK,0.0,0.0,1.0,1.0
1984,Peru,PER,0.0,1.0,0.0,1.0
1988,Peru,PER,0.0,1.0,0.0,1.0
1992,Peru,PER,0.0,1.0,0.0,1.0
1984,Syria,SYR,0.0,1.0,0.0,1.0
1996,Syria,SYR,1.0,0.0,0.0,1.0
2004,Syria,SYR,0.0,0.0,1.0,1.0
1984,Thailand,THA,0.0,1.0,0.0,1.0
1988,Thailand,THA,0.0,0.0,1.0,1.0
1992,Thailand,THA,0.0,0.0,1.0,1.0
1996,Thailand,THA,1.0,0.0,1.0,2.0
2000,Thailand,THA,1.0,0.0,2.0,3.0
2004,Thailand,THA,3.0,1.0,4.0,8.0
2008,Thailand,THA,2.0,2.0,0.0,4.0
2012,Thailand,THA,0.0,2.0,1.0,3.0
2016,Thailand,THA,2.0,2.0,2.0,6.0
1984,Taiwan,TPE,0.0,0.0,1.0,1.0
1992,Taiwan,TPE,0.0,1.0,0.0,1.0
1996,Taiwan,TPE,0.0,1.0,0.0,1.0
2000,Taiwan,TPE,0.0,1.0,4.0,5.0
2004,Taiwan,TPE,2.0,2.0,1.0,5.0
2008,Taiwan,TPE,0.0,0.0,4.0,4.0
2012,Taiwan,TPE,0.0,1.0,1.0,2.0
2016,Taiwan,TPE,1.0,0.0,2.0,3.0
1984,Zambia,ZAM,0.0,0.0,1.0,1.0
1996,Zambia,ZAM,0.0,1.0,0.0,1.0
1988,Argentina,ARG,0.0,1.0,1.0,2.0
1992,Argentina,ARG,0.0,0.0,1.0,1.0
1996,Argentina,ARG,0.0,2.0,1.0,3.0
2000,Argentina,ARG,0.0,2.0,2.0,4.0
2004,Argentina,ARG,2.0,0.0,4.0,6.0
2008,Argentina,ARG,2.0,0.0,4.0,6.0
2012,Argentina,ARG,1.0,1.0,2.0,4.0
2016,Argentina,ARG,3.0,1.0,0.0,4.0
1988,Curacao,AHO,0.0,1.0,0.0,1.0
1988,Chile,CHI,0.0,1.0,0.0,1.0
2000,Chile,CHI,0.0,0.0,1.0,1.0
2004,Chile,CHI,2.0,0.0,1.0,3.0
2008,Chile,CHI,0.0,1.0,0.0,1.0
1988,Costa Rica,CRC,0.0,1.0,0.0,1.0
1996,Costa Rica,CRC,1.0,0.0,0.0,1.0
2000,Costa Rica,CRC,0.0,0.0,2.0,2.0
1988,Djibouti,DJI,0.0,0.0,1.0,1.0
1988,Indonesia,INA,0.0,1.0,0.0,1.0
1992,Indonesia,INA,2.0,2.0,1.0,5.0
1996,Indonesia,INA,1.0,1.0,2.0,4.0
2000,Indonesia,INA,1.0,3.0,2.0,6.0
2004,Indonesia,INA,1.0,1.0,2.0,4.0
2008,Indonesia,INA,1.0,1.0,3.0,5.0
2012,Indonesia,INA,0.0,1.0,1.0,2.0
2016,Indonesia,INA,1.0,2.0,0.0,3.0
1988,Iran,IRI,0.0,1.0,0.0,1.0
1992,Iran,IRI,0.0,1.0,2.0,3.0
1996,Iran,IRI,1.0,1.0,1.0,3.0
2000,Iran,IRI,3.0,0.0,1.0,4.0
2004,Iran,IRI,2.0,2.0,2.0,6.0
2008,Iran,IRI,1.0,0.0,1.0,2.0
2012,Iran,IRI,4.0,5.0,3.0,12.0
2016,Iran,IRI,3.0,1.0,4.0,8.0
1988,"Virgin Islands, US",ISV,0.0,1.0,0.0,1.0
1988,Philippines,PHI,0.0,0.0,1.0,1.0
1992,Philippines,PHI,0.0,0.0,1.0,1.0
1996,Philippines,PHI,0.0,1.0,0.0,1.0
2016,Philippines,PHI,0.0,1.0,0.0,1.0
1988,Senegal,SEN,0.0,1.0,0.0,1.0
1988,Suriname,SUR,1.0,0.0,0.0,1.0
1992,Suriname,SUR,0.0,0.0,1.0,1.0
1992,Russia,EUN,45.0,38.0,29.0,112.0
1992,Germany,GER,33.0,21.0,28.0,82.0
1996,Germany,GER,20.0,18.0,27.0,65.0
2000,Germany,GER,13.0,17.0,26.0,56.0
2004,Germany,GER,13.0,16.0,20.0,49.0
2008,Germany,GER,16.0,10.0,15.0,41.0
2012,Germany,GER,11.0,19.0,14.0,44.0
2016,Germany,GER,17.0,10.0,15.0,42.0
1992,Croatia,CRO,0.0,1.0,2.0,3.0
1996,Croatia,CRO,1.0,1.0,0.0,2.0
2000,Croatia,CRO,1.0,0.0,1.0,2.0
2004,Croatia,CRO,1.0,2.0,2.0,5.0
2008,Croatia,CRO,0.0,2.0,3.0,5.0
2012,Croatia,CRO,3.0,1.0,2.0,6.0
2016,Croatia,CRO,5.0,3.0,2.0,10.0
1992,Individual Olympic Athletes,IOA,0.0,1.0,2.0,3.0
2016,Individual Olympic Athletes,IOA,1.0,0.0,1.0,2.0
1992,Latvia,LAT,0.0,2.0,1.0,3.0
1996,Latvia,LAT,0.0,1.0,0.0,1.0
2000,Latvia,LAT,1.0,1.0,1.0,3.0
2004,Latvia,LAT,0.0,4.0,0.0,4.0
2008,Latvia,LAT,1.0,1.0,1.0,3.0
2012,Latvia,LAT,1.0,0.0,1.0,2.0
1992,Estonia,EST,1.0,0.0,1.0,2.0
2000,Estonia,EST,1.0,0.0,2.0,3.0
2004,Estonia,EST,0.0,1.0,2.0,3.0
2008,Estonia,EST,1.0,1.0,0.0,2.0
2012,Estonia,EST,0.0,1.0,1.0,2.0
2016,Estonia,EST,0.0,0.0,1.0,1.0
1992,Israel,ISR,0.0,1.0,1.0,2.0
1996,Israel,ISR,0.0,0.0,1.0,1.0
2000,Israel,ISR,0.0,0.0,1.0,1.0
2004,Israel,ISR,1.0,0.0,1.0,2.0
2008,Israel,ISR,0.0,0.0,1.0,1.0
2016,Israel,ISR,0.0,0.0,2.0,2.0
1992,Lithuania,LTU,1.0,0.0,1.0,2.0
1996,Lithuania,LTU,0.0,0.0,1.0,1.0
2000,Lithuania,LTU,2.0,0.0,3.0,5.0
2004,Lithuania,LTU,1.0,2.0,0.0,3.0
2008,Lithuania,LTU,0.0,2.0,3.0,5.0
2012,Lithuania,LTU,2.0,1.0,2.0,5.0
2016,Lithuania,LTU,0.0,1.0,3.0,4.0
1992,Namibia,NAM,0.0,2.0,0.0,2.0
1996,Namibia,NAM,0.0,2.0,0.0,2.0
1992,South Africa,RSA,0.0,2.0,0.0,2.0
1996,South Africa,RSA,3.0,1.0,1.0,5.0
2000,South Africa,RSA,0.0,2.0,3.0,5.0
2004,South Africa,RSA,1.0,3.0,2.0,6.0
2008,South Africa,RSA,0.0,1.0,0.0,1.0
2012,South Africa,RSA,3.0,2.0,1.0,6.0
2016,South Africa,RSA,2.0,6.0,2.0,10.0
1992,Slovenia,SLO,0.0,0.0,2.0,2.0
1996,Slovenia,SLO,0.0,2.0,0.0,2.0
2000,Slovenia,SLO,2.0,0.0,0.0,2.0
2004,Slovenia,SLO,0.0,1.0,3.0,4.0
2008,Slovenia,SLO,1.0,2.0,2.0,5.0
2012,Slovenia,SLO,1.0,1.0,2.0,4.0
2016,Slovenia,SLO,1.0,2.0,1.0,4.0
1992,Bahamas,BAH,0.0,0.0,1.0,1.0
1996,Bahamas,BAH,0.0,1.0,0.0,1.0
2000,Bahamas,BAH,2.0,0.0,1.0,3.0
2004,Bahamas,BAH,1.0,0.0,1.0,2.0
2008,Bahamas,BAH,0.0,1.0,1.0,2.0
2012,Bahamas,BAH,1.0,0.0,0.0,1.0
2016,Bahamas,BAH,1.0,0.0,1.0,2.0
1992,Ghana,GHA,0.0,0.0,1.0,1.0
1992,Malaysia,MAS,0.0,0.0,1.0,1.0
1996,Malaysia,MAS,0.0,1.0,1.0,2.0
2008,Malaysia,MAS,0.0,1.0,0.0,1.0
2012,Malaysia,MAS,0.0,1.0,1.0,2.0
2016,Malaysia,MAS,0.0,4.0,1.0,5.0
1992,Qatar,QAT,0.0,0.0,1.0,1.0
2000,Qatar,QAT,0.0,0.0,1.0,1.0
2012,Qatar,QAT,0.0,0.0,2.0,2.0
2016,Qatar,QAT,0.0,1.0,0.0,1.0
1996,Russia,RUS,26.0,21.0,16.0,63.0
2000,Russia,RUS,32.0,28.0,29.0,89.0
2004,Russia,RUS,28.0,26.0,36.0,90.0
2008,Russia,RUS,23.0,21.0,28.0,72.0
2012,Russia,RUS,24.0,26.0,32.0,82.0
2016,Russia,RUS,19.0,17.0,20.0,56.0
1996,Ukraine,UKR,9.0,2.0,12.0,23.0
2000,Ukraine,UKR,3.0,10.0,10.0,23.0
2004,Ukraine,UKR,8.0,5.0,9.0,22.0
2008,Ukraine,UKR,7.0,5.0,15.0,27.0
2012,Ukraine,UKR,6.0,5.0,9.0,20.0
2016,Ukraine,UKR,2.0,5.0,4.0,11.0
1996,Belarus,BLR,1.0,6.0,8.0,15.0
2000,Belarus,BLR,3.0,3.0,11.0,17.0
2004,Belarus,BLR,2.0,5.0,6.0,13.0
2008,Belarus,BLR,4.0,5.0,9.0,18.0
2012,Belarus,BLR,2.0,5.0,5.0,12.0
2016,Belarus,BLR,1.0,4.0,4.0,9.0
1996,Czech Republic,CZE,4.0,3.0,4.0,11.0
2000,Czech Republic,CZE,2.0,3.0,3.0,8.0
2004,Czech Republic,CZE,1.0,3.0,5.0,9.0
2008,Czech Republic,CZE,3.0,3.0,0.0,6.0
2012,Czech Republic,CZE,4.0,3.0,3.0,10.0
2016,Czech Republic,CZE,1.0,2.0,7.0,10.0
1996,Kazakhstan,KAZ,3.0,4.0,4.0,11.0
2000,Kazakhstan,KAZ,3.0,4.0,0.0,7.0
2004,Kazakhstan,KAZ,1.0,4.0,3.0,8.0
2008,Kazakhstan,KAZ,2.0,4.0,7.0,13.0
2012,Kazakhstan,KAZ,7.0,1.0,5.0,13.0
2016,Kazakhstan,KAZ,3.0,5.0,10.0,18.0
1996,Serbia,SCG,1.0,1.0,2.0,4.0
2000,Serbia,SCG,1.0,1.0,1.0,3.0
2004,Serbia,SCG,0.0,2.0,0.0,2.0
1996,Slovakia,SVK,1.0,1.0,1.0,3.0
2000,Slovakia,SVK,1.0,3.0,1.0,5.0
2004,Slovakia,SVK,2.0,2.0,2.0,6.0
2008,Slovakia,SVK,3.0,2.0,1.0,6.0
2012,Slovakia,SVK,0.0,1.0,3.0,4.0
2016,Slovakia,SVK,2.0,2.0,0.0,4.0
1996,Armenia,ARM,1.0,1.0,0.0,2.0
2000,Armenia,ARM,0.0,0.0,1.0,1.0
2008,Armenia,ARM,0.0,0.0,6.0,6.0
2012,Armenia,ARM,0.0,1.0,2.0,3.0
2016,Armenia,ARM,1.0,3.0,0.0,4.0
1996,Georgia,GEO,0.0,0.0,2.0,2.0
2000,Georgia,GEO,0.0,0.0,6.0,6.0
2004,Georgia,GEO,2.0,2.0,0.0,4.0
2008,Georgia,GEO,3.0,0.0,3.0,6.0
2012,Georgia,GEO,1.0,3.0,3.0,7.0
2016,Georgia,GEO,2.0,1.0,4.0,7.0
1996,Moldova,MDA,0.0,1.0,1.0,2.0
2000,Moldova,MDA,0.0,1.0,1.0,2.0
2008,Moldova,MDA,0.0,0.0,1.0,1.0
2012,Moldova,MDA,0.0,0.0,2.0,2.0
1996,Trinidad,TTO,0.0,0.0,2.0,2.0
2000,Trinidad,TTO,0.0,1.0,1.0,2.0
2004,Trinidad,TTO,0.0,0.0,1.0,1.0
2008,Trinidad,TTO,1.0,1.0,0.0,2.0
2012,Trinidad,TTO,1.0,1.0,2.0,4.0
2016,Trinidad,TTO,0.0,0.0,1.0,1.0
1996,Uzbekistan,UZB,0.0,1.0,1.0,2.0
2000,Uzbekistan,UZB,1.0,1.0,2.0,4.0
2004,Uzbekistan,UZB,2.0,1.0,2.0,5.0
2008,Uzbekistan,UZB,1.0,2.0,3.0,6.0
2012,Uzbekistan,UZB,1.0,0.0,2.0,3.0
2016,Uzbekistan,UZB,4.0,2.0,7.0,13.0
1996,Azerbaijan,AZE,0.0,1.0,0.0,1.0
2000,Azerbaijan,AZE,2.0,0.0,1.0,3.0
2004,Azerbaijan,AZE,1.0,0.0,4.0,5.0
2008,Azerbaijan,AZE,1.0,2.0,4.0,7.0
2012,Azerbaijan,AZE,2.0,2.0,6.0,10.0
2016,Azerbaijan,AZE,1.0,7.0,10.0,18.0
1996,Burundi,BDI,1.0,0.0,0.0,1.0
2016,Burundi,BDI,0.0,1.0,0.0,1.0
1996,Ecuador,ECU,1.0,0.0,0.0,1.0
2008,Ecuador,ECU,0.0,1.0,0.0,1.0
1996,China,HKG,1.0,0.0,0.0,1.0
2004,China,HKG,0.0,1.0,0.0,1.0
2012,China,HKG,0.0,0.0,1.0,1.0
1996,Mozambique,MOZ,0.0,0.0,1.0,1.0
2000,Mozambique,MOZ,1.0,0.0,0.0,1.0
1996,Tonga,TGA,0.0,1.0,0.0,1.0
1996,Tunisia,TUN,0.0,0.0,1.0,1.0
2008,Tunisia,TUN,1.0,0.0,0.0,1.0
2012,Tunisia,TUN,1.0,1.0,1.0,3.0
2016,Tunisia,TUN,0.0,0.0,3.0,3.0
2000,Saudi Arabia,KSA,0.0,1.0,1.0,2.0
2012,Saudi Arabia,KSA,0.0,0.0,1.0,1.0
2000,Barbados,BAR,0.0,0.0,1.0,1.0
2000,Kyrgyzstan,KGZ,0.0,0.0,1.0,1.0
2008,Kyrgyzstan,KGZ,0.0,1.0,1.0,2.0
2000,Kuwait,KUW,0.0,0.0,1.0,1.0
2012,Kuwait,KUW,0.0,0.0,1.0,1.0
2000,Macedonia,MKD,0.0,0.0,1.0,1.0
2000,Sri Lanka,SRI,0.0,1.0,0.0,1.0
2000,Uruguay,URU,0.0,1.0,0.0,1.0
2000,Vietnam,VIE,0.0,1.0,0.0,1.0
2008,Vietnam,VIE,0.0,1.0,0.0,1.0
2016,Vietnam,VIE,1.0,1.0,0.0,2.0
2004,Eritrea,ERI,0.0,0.0,1.0,1.0
2004,Paraguay,PAR,0.0,1.0,0.0,1.0
2004,United Arab Emirates,UAE,1.0,0.0,0.0,1.0
2016,United Arab Emirates,UAE,0.0,0.0,1.0,1.0
2008,Serbia,SRB,0.0,1.0,2.0,3.0
2012,Serbia,SRB,1.0,1.0,2.0,4.0
2016,Serbia,SRB,2.0,4.0,2.0,8.0
2008,Tajikistan,TJK,0.0,1.0,1.0,2.0
2012,Tajikistan,TJK,0.0,0.0,1.0,1.0
2016,Tajikistan,TJK,1.0,0.0,0.0,1.0
2008,Afghanistan,AFG,0.0,0.0,1.0,1.0
2012,Afghanistan,AFG,0.0,0.0,1.0,1.0
2008,Mauritius,MRI,0.0,0.0,1.0,1.0
2008,Panama,PAN,1.0,0.0,0.0,1.0
2008,Sudan,SUD,0.0,1.0,0.0,1.0
2008,Togo,TOG,0.0,0.0,1.0,1.0
2012,Botswana,BOT,0.0,1.0,0.0,1.0
2012,Bahrain,BRN,0.0,0.0,1.0,1.0
2016,Bahrain,BRN,1.0,1.0,0.0,2.0
2012,Cyprus,CYP,0.0,1.0,0.0,1.0
2012,Gabon,GAB,0.0,1.0,0.0,1.0
2012,Grenada,GRN,1.0,0.0,0.0,1.0
2016,Grenada,GRN,0.0,1.0,0.0,1.0
2012,Guatemala,GUA,0.0,1.0,0.0,1.0
2012,Montenegro,MNE,0.0,1.0,0.0,1.0
2016,Fiji,FIJ,1.0,0.0,0.0,1.0
2016,Jordan,JOR,1.0,0.0,0.0,1.0
2016,Kosovo,KOS,1.0,0.0,0.0,1.0
2016,Niger,NIG,0.0,1.0,0.0,1.0
